{
	"pages": [ //pages数组中第一项表示应用启动页，参考：https://uniapp.dcloud.io/collocation/pages
		//默认页面，不要动
		{
			"path": "pages/index/index",
			"style": {}
		}, {
			"path": "pages/Yaoyao/Yaoyao",
			"style": {}
		},

		//陈雪杉的页面
		{
			"path": "pages/Chen/index/index",
			"style": {
				"navigationStyle": "custom"
			}
		}, {
			"path": "pages/Chen/searchPage/searchPage",
			"style": {}
		}, {
			"path": "pages/Chen/messagePage/messagePage",
			"style": {}
		}, {
			"path": "pages/Chen/createPage/createPage",
			"style": {}
		},
		{
			"path": "pages/Chen/back-index/back-index",
			"style": {
				"navigationStyle": "custom"
			}

		}
	],
	"globalStyle": {},
	"condition": {
		"current": 1,
		"list": [{
				"name": "main",
				"path": "pages/Jiang/mainPage/mainPage",
				"query": ""
			},
			//陈雪杉的启动模式
			{
				"name": "Chen",
				"path": "pages/Chen/index/index",
				"query": ""
			},
			{
				"name": "TEST LOGIN",
				"path": "pages/camp_login/camp_login",
				"query": ""
			},
			{
				"name": "Yaoyao",
				"path": "pages/Yaoyao/Yaoyao",
				"query": ""
			}

		]
	}
}
